[
    {"name": "分类", "link": "/classify", "children": [
        {"name": "列表", "link": "/findListByPage.do"},
        {"name": "新增", "link": "/save.do"},
        {"name": "删除", "link": "/remove.do"}
    ]},
    {"name": "标签", "link": "/tag", "children": [
      {"name": "列表", "link": "/findListByPage.do"},
      {"name": "新增", "link": "/save.do"},
      {"name": "删除", "link": "/remove.do"}
    ]},
    {"name": "标签", "link": "/mobile", "children": [
      {"name": "列表", "link": "/findListByPage.do"},
      {"name": "新增", "link": "/save.do"},
      {"name": "删除", "link": "/remove.do"}
    ]},
    {"name": "新闻", "link": "/news", "children": [
        {"name": "列表", "link": "/findListByPage.do"},
        {"name": "新增", "link": "/save.do"},
        {"name": "删除", "link": "/remove.do"}
    ]},
    {"name": "短链", "link": "/url", "children": [
        {"name": "列表", "link": "/findListByPage.do"},
        {"name": "新增", "link": "/save.do"},
        {"name": "删除", "link": "/remove.do"},
        {"name": "判断是否存在", "link": "/isExist.do"}
    ]},
    {"name": "配置", "link": "/config", "children": [
        {"name": "列表", "link": "/findListByPage.do"},
        {"name": "新增", "link": "/save.do"},
        {"name": "删除", "link": "/remove.do"}
    ]},
    {"name": "用户", "link": "/user", "children": [
        {"name": "列表", "link": "/findListByPage.do"},
        {"name": "新增", "link": "/save.do"},
        {"name": "删除", "link": "/remove.do"},
        {"name": "判断是否存在", "link": "/isExist.do"},
        {"name": "登录", "link": "/login.do"}
    ]},
    {"name": "静态页面", "link": "/admin", "children": [
        {"name": "配置页面", "link": "/config.html"},
        {"name": "短链页面", "link": "/url.html"},
        {"name": "资讯页面", "link": "/news.html"},
        {"name": "分类页面", "link": "/classify.html"},
        {"name": "标签页面", "link": "/tag.html"},
        {"name": "手机号码页面", "link": "/mobile.html"},
        {"name": "登录页面", "link": "/login.html"},
        {"name": "登出页面", "link": "/login-out.html"},
        {"name": "主页页面", "link": "/main.html"},
        {"name": "缺省主页页面", "link": "/"},
        {"name": "缺省主页页面", "link": ""}
    ]},
    {"name": "静态页面", "link": "", "children": [
        {"name": "配置页面", "link": "/"}
    ]}
]
